Workbook

Sheet 打卡表
A1: 板块 | B1: 序号 | C1: 建议日期 | D1: 面试问题 | E1: 掌握程度 | F1: 复习次数 | G1: 上次复习日期 | H1: 备注
A2: 集合 | B2: 1 | C2: 06-10 (周三) | D2: HashMap 实现原理 | E2: 未开始 | F2: 0
A3: 集合 | B3: 2 | C3: 06-10 (周三) | D3: HashMap 的 put / get 过程 | E3: 未开始 | F3: 0
A4: 集合 | B4: 3 | C4: 06-10 (周三) | D4: HashMap 扩容机制 | E4: 未开始 | F4: 0
A5: 集合 | B5: 4 | C5: 06-10 (周三) | D5: 为什么容量是 2 的 n 次方 / 负载因子 | E5: 未开始 | F5: 0
A6: 集合 | B6: 5 | C6: 06-10 (周三) | D6: 为什么链表转红黑树（而非 AVL） | E6: 未开始 | F6: 0
A7: 集合 | B7: 6 | C7: 06-10 (周三) | D7: 哈希冲突的解决方法 | E7: 未开始 | F7: 0
A8: 集合 | B8: 7 | C8: 06-10 (周三) | D8: HashMap 线程安全吗 / 多线程下的问题 | E8: 未开始 | F8: 0
A9: 集合 | B9: 8 | C9: 06-10 (周三) | D9: 重写 equals / hashCode 的注意点 | E9: 未开始 | F9: 0
A10: 集合 | B10: 9 | C10: 06-10 (周三) | D10: HashMap 用什么做 Key / 为什么 String 合适 | E10: 未开始 | F10: 0
A11: 集合 | B11: 10 | C11: 06-10 (周三) | D11: HashMap vs Hashtable vs ConcurrentHashMap | E11: 未开始 | F11: 0
A12: 集合 | B12: 11 | C12: 06-11 (周四) | D12: ConcurrentHashMap 怎么实现的 | E12: 未开始 | F12: 0
A13: 集合 | B13: 12 | C13: 06-11 (周四) | D13: 用了 synchronized 为什么还要 CAS | E13: 未开始 | F13: 0
... A133: Java基础 | B133: 11 | C133: 06-23 (周二) | D133: 泛型是什么 + 类型擦除 | E133: 未开始 | F133: 0

Sheet 进度统计
A1: 板块 | B1: 题数 | C1: 未开始 | D1: 眼熟 | E1: 能讲框架 | F1: 能扛追问 | G1: 完成率(能讲+能扛)
A2: 集合 | B2: =COUNTIF(打卡表!$A$2:$A$133,$A2) -> 16 | C2: =COUNTIFS(打卡表!$A$2:$A$133,$A2,打卡表!$E$2:$E$133,"未开始") -> 16 | D2: =COUNTIFS(打卡表!$A$2:$A$133,$A2,打卡表!$E$2:$E$133,"眼熟") -> 0 | E2: =COUNTIFS(打卡表!$A$2:$A$133,$A2,打卡表!$E$2:$E$133,"能讲框架") -> 0 | F2: =COUNTIFS(打卡表!$A$2:$A$133,$A2,打卡表!$E$2:$E$133,"能扛追问") -> 0 | G2: =IF(B2=0,0,(E2+F2)/B2) -> 0
A3: 并发/多线程 | B3: =COUNTIF(打卡表!$A$2:$A$133,$A3) -> 12 | C3: =COUNTIFS(打卡表!$A$2:$A$133,$A3,打卡表!$E$2:$E$133,"未开始") -> 12 | D3: =COUNTIFS(打卡表!$A$2:$A$133,$A3,打卡表!$E$2:$E$133,"眼熟") -> 0 | E3: =COUNTIFS(打卡表!$A$2:$A$133,$A3,打卡表!$E$2:$E$133,"能讲框架") -> 0 | F3: =COUNTIFS(打卡表!$A$2:$A$133,$A3,打卡表!$E$2:$E$133,"能扛追问") -> 0 | G3: =IF(B3=0,0,(E3+F3)/B3) -> 0
A4: MySQL | B4: =COUNTIF(打卡表!$A$2:$A$133,$A4) -> 16 | C4: =COUNTIFS(打卡表!$A$2:$A$133,$A4,打卡表!$E$2:$E$133,"未开始") -> 16 | D4: =COUNTIFS(打卡表!$A$2:$A$133,$A4,打卡表!$E$2:$E$133,"眼熟") -> 0 | E4: =COUNTIFS(打卡表!$A$2:$A$133,$A4,打卡表!$E$2:$E$133,"能讲框架") -> 0 | F4: =COUNTIFS(打卡表!$A$2:$A$133,$A4,打卡表!$E$2:$E$133,"能扛追问") -> 0 | G4: =IF(B4=0,0,(E4+F4)/B4) -> 0
A5: JVM | B5: =COUNTIF(打卡表!$A$2:$A$133,$A5) -> 13 | C5: =COUNTIFS(打卡表!$A$2:$A$133,$A5,打卡表!$E$2:$E$133,"未开始") -> 13 | D5: =COUNTIFS(打卡表!$A$2:$A$133,$A5,打卡表!$E$2:$E$133,"眼熟") -> 0 | E5: =COUNTIFS(打卡表!$A$2:$A$133,$A5,打卡表!$E$2:$E$133,"能讲框架") -> 0 | F5: =COUNTIFS(打卡表!$A$2:$A$133,$A5,打卡表!$E$2:$E$133,"能扛追问") -> 0 | G5: =IF(B5=0,0,(E5+F5)/B5) -> 0
A6: Spring | B6: =COUNTIF(打卡表!$A$2:$A$133,$A6) -> 11 | C6: =COUNTIFS(打卡表!$A$2:$A$133,$A6,打卡表!$E$2:$E$133,"未开始") -> 11 | D6: =COUNTIFS(打卡表!$A$2:$A$133,$A6,打卡表!$E$2:$E$133,"眼熟") -> 0 | E6: =COUNTIFS(打卡表!$A$2:$A$133,$A6,打卡表!$E$2:$E$133,"能讲框架") -> 0 | F6: =COUNTIFS(打卡表!$A$2:$A$133,$A6,打卡表!$E$2:$E$133,"能扛追问") -> 0 | G6: =IF(B6=0,0,(E6+F6)/B6) -> 0
A7: 计算机网络 | B7: =COUNTIF(打卡表!$A$2:$A$133,$A7) -> 15 | C7: =COUNTIFS(打卡表!$A$2:$A$133,$A7,打卡表!$E$2:$E$133,"未开始") -> 15 | D7: =COUNTIFS(打卡表!$A$2:$A$133,$A7,打卡表!$E$2:$E$133,"眼熟") -> 0 | E7: =COUNTIFS(打卡表!$A$2:$A$133,$A7,打卡表!$E$2:$E$133,"能讲框架") -> 0 | F7: =COUNTIFS(打卡表!$A$2:$A$133,$A7,打卡表!$E$2:$E$133,"能扛追问") -> 0 | G7: =IF(B7=0,0,(E7+F7)/B7) -> 0
A8: Redis | B8: =COUNTIF(打卡表!$A$2:$A$133,$A8) -> 14 | C8: =COUNTIFS(打卡表!$A$2:$A$133,$A8,打卡表!$E$2:$E$133,"未开始") -> 14 | D8: =COUNTIFS(打卡表!$A$2:$A$133,$A8,打卡表!$E$2:$E$133,"眼熟") -> 0 | E8: =COUNTIFS(打卡表!$A$2:$A$133,$A8,打卡表!$E$2:$E$133,"能讲框架") -> 0 | F8: =COUNTIFS(打卡表!$A$2:$A$133,$A8,打卡表!$E$2:$E$133,"能扛追问") -> 0 | G8: =IF(B8=0,0,(E8+F8)/B8) -> 0
A9: 扩展(MyBatis/MQ/分布式) | B9: =COUNTIF(打卡表!$A$2:$A$133,$A9) -> 10 | C9: =COUNTIFS(打卡表!$A$2:$A$133,$A9,打卡表!$E$2:$E$133,"未开始") -> 10 | D9: =COUNTIFS(打卡表!$A$2:$A$133,$A9,打卡表!$E$2:$E$133,"眼熟") -> 0 | E9: =COUNTIFS(打卡表!$A$2:$A$133,$A9,打卡表!$E$2:$E$133,"能讲框架") -> 0 | F9: =COUNTIFS(打卡表!$A$2:$A$133,$A9,打卡表!$E$2:$E$133,"能扛追问") -> 0 | G9: =IF(B9=0,0,(E9+F9)/B9) -> 0
A10: 操作系统 | B10: =COUNTIF(打卡表!$A$2:$A$133,$A10) -> 14 | C10: =COUNTIFS(打卡表!$A$2:$A$133,$A10,打卡表!$E$2:$E$133,"未开始") -> 14 | D10: =COUNTIFS(打卡表!$A$2:$A$133,$A10,打卡表!$E$2:$E$133,"眼熟") -> 0 | E10: =COUNTIFS(打卡表!$A$2:$A$133,$A10,打卡表!$E$2:$E$133,"能讲框架") -> 0 | F10: =COUNTIFS(打卡表!$A$2:$A$133,$A10,打卡表!$E$2:$E$133,"能扛追问") -> 0 | G10: =IF(B10=0,0,(E10+F10)/B10) -> 0
A11: Java基础 | B11: =COUNTIF(打卡表!$A$2:$A$133,$A11) -> 11 | C11: =COUNTIFS(打卡表!$A$2:$A$133,$A11,打卡表!$E$2:$E$133,"未开始") -> 11 | D11: =COUNTIFS(打卡表!$A$2:$A$133,$A11,打卡表!$E$2:$E$133,"眼熟") -> 0 | E11: =COUNTIFS(打卡表!$A$2:$A$133,$A11,打卡表!$E$2:$E$133,"能讲框架") -> 0 | F11: =COUNTIFS(打卡表!$A$2:$A$133,$A11,打卡表!$E$2:$E$133,"能扛追问") -> 0 | G11: =IF(B11=0,0,(E11+F11)/B11) -> 0
A12: 合计 | B12: =SUM(B2:B11) -> 132 | C12: =SUM(C2:C11) -> 132 | D12: =SUM(D2:D11) -> 0 | E12: =SUM(E2:E11) -> 0 | F12: =SUM(F2:F11) -> 0 | G12: =IF(B12=0,0,(E12+F12)/B12) -> 0

Sheet 用法说明
A1: 秋招后端必背清单 · 打卡表
A3: 怎么用
A4: 1 | B4: 「建议日期」列已按优先级排好计划：每天 10 题，从 6/10 开始，约两周过完第一遍。跟着日期打卡即可。
A5: 2 | B5: 每过一道题，更新「掌握程度」列（点单元格有下拉），四档：未开始→眼熟→能讲框架→能扛追问。
A6: 3 | B6: 目标是把每题推到「能扛追问」。每复习一次「复习次数」+1，同一题建议滚动 3 遍以上。
A7: 4 | B7: 「上次复习日期」配合间隔重复：隔 1 天、3 天、7 天各回顾一次。
A8: 5 | B8: 「进度统计」自动汇总各板块完成率，一眼看到哪块还薄弱。
A10: 计划说明 | B10: 第一遍最慢（理解+自己讲一遍）；二刷只默写卡壳题，速度翻几倍。别等背完再面试，前几场面试就是最好的复习。
A11: 复习优先级 | B11: 集合≈并发＞MySQL≈JVM＞Spring＞网络＞Redis＞扩展＞操作系统＞Java基础
A12: 配套文档 | B12: 《秋招后端八股必背清单.md》= 分档清单；《秋招必背答案.md》= 每题口述答案
A13: 共计 | B13: 132 道 ⭐ 必背题
